name,left_d x,left_d y,right_u x,right_u y,is house
IMG0.png,889,600,978,603,True
IMG0.png,1315,542,1356,583,True
IMG0.png,1313,492,1356,533,True
IMG0.png,1315,471,1356,492,True
IMG0.png,1315,430,1356,471,True
IMG1.png,1312,542,1356,586,True
IMG1.png,893,521,943,577,True
IMG1.png,1061,484,1252,625,True
IMG1.png,1315,492,1356,533,True
IMG1.png,899,481,921,500,True
IMG1.png,1315,471,1356,492,True
IMG1.png,949,469,1005,553,True
IMG1.png,852,468,882,490,True
IMG1.png,1315,430,1356,471,True
IMG1.png,611,409,714,543,True
IMG1.png,1077,358,1104,398,True
IMG1.png,206,336,296,434,True
IMG1.png,1130,313,1189,439,True
IMG1.png,510,283,603,413,True
IMG1.png,401,259,461,373,True
IMG1.png,126,239,147,260,True
IMG1.png,340,224,415,280,True
IMG1.png,544,215,586,250,True
IMG1.png,1029,206,1050,220,True
IMG1.png,727,203,839,328,True
IMG1.png,585,202,888,587,True
IMG1.png,1088,204,1149,325,True
IMG1.png,830,167,847,189,True
IMG1.png,429,156,619,245,True
IMG1.png,866,140,1001,449,True
IMG1.png,783,134,826,170,True
IMG1.png,668,126,733,195,True
IMG1.png,1021,109,1040,133,True
IMG1.png,529,108,550,126,True
IMG1.png,681,102,712,134,True
IMG1.png,1051,93,1107,216,True
IMG1.png,712,75,840,138,True
IMG1.png,836,47,968,114,True
IMG1.png,944,-1,1007,54,True
IMG2.png,398,602,429,618,True
IMG2.png,889,600,978,603,True
IMG2.png,183,545,224,587,True
IMG2.png,1315,542,1356,583,True
IMG2.png,1315,492,1356,533,True
IMG2.png,1315,471,1356,492,True
IMG2.png,1315,430,1356,471,True
IMG2.png,56,401,111,436,True
IMG2.png,199,336,268,401,True
IMG2.png,946,334,974,361,True
IMG2.png,1023,245,1081,312,True
IMG2.png,293,241,449,348,True
IMG2.png,771,171,818,214,True
IMG2.png,808,153,845,193,True
IMG2.png,1238,141,1301,208,True
IMG2.png,903,142,949,195,True
IMG2.png,146,124,179,167,True
IMG2.png,1257,101,1341,192,True
IMG2.png,230,79,265,122,True
IMG2.png,118,64,156,105,True
IMG2.png,954,32,1234,331,True
IMG2.png,158,26,222,78,True
IMG2.png,0,0,15,67,True
IMG3.png,889,600,978,603,True
IMG3.png,1315,542,1356,583,True
IMG3.png,1315,492,1356,533,True
IMG3.png,1315,471,1356,492,True
IMG3.png,1315,430,1356,471,True
IMG3.png,187,15,307,72,True
IMG4.png,880,598,978,608,True
IMG4.png,716,576,740,596,True
IMG4.png,1315,542,1356,583,True
IMG4.png,642,529,699,600,True
IMG4.png,1315,492,1356,533,True
IMG4.png,637,489,649,537,True
IMG4.png,723,472,745,499,True
IMG4.png,1315,471,1356,492,True
IMG4.png,650,443,731,511,True
IMG4.png,1315,430,1356,471,True
IMG4.png,582,383,598,401,True
IMG4.png,604,352,621,372,True
IMG4.png,674,346,691,366,True
IMG4.png,1044,343,1063,365,True
IMG4.png,950,339,970,358,True
IMG4.png,1067,331,1083,350,True
IMG4.png,837,327,853,347,True
IMG4.png,858,323,876,344,True
IMG4.png,995,312,1016,331,True
IMG4.png,1246,309,1264,332,True
IMG4.png,926,301,964,334,True
IMG4.png,613,292,639,315,True
IMG4.png,731,242,761,264,True
IMG4.png,566,210,586,245,True
IMG4.png,682,201,700,225,True
IMG4.png,823,201,838,219,True
IMG4.png,1205,176,1233,196,True
IMG4.png,629,134,643,150,True
IMG4.png,539,94,563,121,True
IMG4.png,1153,89,1172,113,True
IMG4.png,1216,1,1237,30,True
IMG4.png,1142,0,1164,27,True
IMG5.png,889,600,978,603,True
IMG5.png,1315,542,1356,583,True
IMG5.png,1315,492,1356,533,True
IMG5.png,1315,471,1356,492,True
IMG5.png,1313,429,1361,471,True
IMG6.png,889,600,978,603,True
IMG6.png,706,575,725,597,True
IMG6.png,44,570,72,596,True
IMG6.png,259,565,279,581,True
IMG6.png,381,549,418,587,True
IMG6.png,1090,554,1107,566,True
IMG6.png,1074,554,1091,566,True
IMG6.png,117,544,134,563,True
IMG6.png,1315,542,1356,583,True
IMG6.png,810,538,827,555,True
IMG6.png,701,535,724,557,True
IMG6.png,637,515,662,545,True
IMG6.png,1074,501,1096,515,True
IMG6.png,1315,492,1356,533,True
IMG6.png,319,491,347,515,True
IMG6.png,864,488,885,508,True
IMG6.png,635,484,652,501,True
IMG6.png,978,482,1014,499,True
IMG6.png,1315,471,1356,492,True
IMG6.png,863,468,886,489,True
IMG6.png,1064,453,1086,475,True
IMG6.png,913,445,932,460,True
IMG6.png,1047,441,1070,453,True
IMG6.png,88,434,137,463,True
IMG6.png,318,432,348,465,True
IMG6.png,1315,430,1356,471,True
IMG6.png,887,424,905,438,True
IMG6.png,1103,418,1115,435,True
IMG6.png,1270,389,1294,411,True
IMG6.png,85,378,142,431,True
IMG6.png,232,370,259,383,True
IMG6.png,949,365,980,388,True
IMG6.png,726,360,754,385,True
IMG6.png,172,350,201,392,True
IMG6.png,168,336,197,353,True
IMG6.png,623,331,650,353,True
IMG6.png,227,315,252,341,True
IMG6.png,343,312,363,333,True
IMG6.png,1014,303,1046,330,True
IMG6.png,599,284,631,303,True
IMG6.png,256,282,300,317,True
IMG6.png,722,271,739,299,True
IMG6.png,671,265,702,280,True
IMG6.png,1204,258,1222,275,True
IMG6.png,431,245,470,273,True
IMG6.png,1332,220,1362,253,True
IMG6.png,603,213,638,241,True
IMG6.png,913,209,956,238,True
IMG6.png,1191,202,1218,243,True
IMG6.png,570,202,595,237,True
IMG6.png,601,190,624,211,True
IMG6.png,761,186,801,213,True
IMG6.png,531,159,549,179,True
IMG6.png,1237,157,1270,194,True
IMG6.png,1005,155,1035,180,True
IMG6.png,933,151,964,181,True
IMG6.png,558,133,578,156,True
IMG6.png,1340,130,1360,147,True
IMG6.png,693,97,717,119,True
IMG6.png,1173,79,1198,112,True
IMG6.png,914,74,931,91,True
IMG6.png,1005,68,1042,104,True
IMG6.png,680,56,706,88,True
IMG6.png,1067,45,1091,70,True
IMG6.png,1216,26,1236,50,True
IMG6.png,1060,10,1087,44,True
IMG6.png,917,11,951,40,True
IMG7.png,889,600,978,603,True
IMG7.png,1315,492,1356,533,True
IMG7.png,1315,471,1356,492,True
IMG7.png,1315,430,1356,471,True
IMG7.png,798,363,831,412,True
IMG7.png,1294,344,1321,380,True
IMG7.png,1159,323,1235,432,True
IMG7.png,1228,275,1355,336,True
IMG7.png,1121,245,1209,298,True
IMG7.png,1273,158,1338,247,True
IMG7.png,954,139,1102,297,True
IMG7.png,995,93,1027,125,True
IMG7.png,497,74,586,171,True
IMG7.png,551,16,652,124,True
IMG7.png,574,0,619,46,True
IMG8.png,1286,179,1392,302,True
IMG8.png,1315,542,1356,583,True
IMG8.png,1315,492,1356,533,True
IMG8.png,174,481,392,654,True
IMG8.png,767,473,854,593,True
IMG8.png,1315,471,1359,492,True
IMG8.png,312,449,366,486,True
IMG8.png,1309,430,1356,471,True
IMG8.png,0,427,30,502,True
IMG8.png,187,390,313,454,True
IMG8.png,487,322,608,442,True
IMG8.png,1301,321,1339,341,True
IMG8.png,1131,309,1150,328,True
IMG8.png,1076,300,1128,376,True
IMG8.png,-12,296,176,454,True
IMG8.png,633,274,743,566,True
IMG8.png,95,252,197,354,True
IMG8.png,233,252,287,339,True
IMG8.png,184,245,216,283,True
IMG8.png,450,235,629,310,True
IMG8.png,365,233,428,309,True
IMG8.png,430,197,467,228,True
IMG8.png,1054,190,1221,289,True
IMG8.png,1013,175,1052,278,True
IMG8.png,562,169,653,221,True
IMG8.png,1243,113,1362,171,True
IMG8.png,698,118,776,221,True
IMG8.png,320,79,364,124,True
IMG8.png,365,85,674,197,True
IMG8.png,1227,76,1263,130,True
IMG8.png,47,75,94,161,True
IMG8.png,-1,77,28,115,True
IMG8.png,135,70,258,204,True
IMG8.png,1258,54,1290,79,True
IMG8.png,1077,43,1115,62,True
IMG8.png,999,31,1033,148,True
IMG8.png,1291,25,1304,64,True
IMG8.png,723,5,801,73,True
IMG8.png,129,0,192,53,True
IMG9.png,889,600,978,603,True
IMG9.png,1309,492,1356,542,True
IMG9.png,1315,471,1357,492,True
IMG9.png,563,447,589,464,True
IMG9.png,1140,436,1267,552,True
IMG9.png,1073,434,1100,463,True
IMG9.png,1315,430,1356,471,True
IMG9.png,143,420,238,485,True
IMG9.png,1030,359,1054,388,True
IMG9.png,165,347,218,430,True
IMG9.png,1092,336,1129,366,True
IMG9.png,253,333,274,349,True
IMG9.png,261,298,531,419,True
IMG9.png,1045,226,1322,419,True
IMG9.png,386,259,416,300,True
IMG9.png,937,249,1035,323,True
IMG9.png,107,203,176,344,True
IMG9.png,532,177,797,340,True
IMG9.png,421,169,492,298,True
IMG9.png,249,146,372,266,True
IMG9.png,1196,141,1360,280,True
IMG9.png,516,135,589,267,True
IMG9.png,723,135,754,177,True
IMG9.png,95,123,149,201,True
IMG9.png,910,68,1165,188,True
IMG9.png,145,64,169,81,True
IMG9.png,312,58,430,164,True
IMG9.png,1048,57,1066,78,True
IMG9.png,581,33,700,149,True
IMG9.png,173,43,308,127,True
IMG9.png,1008,32,1049,65,True
IMG9.png,586,27,595,52,True
IMG9.png,136,0,209,44,True
IMG10.png,889,600,978,603,True
IMG10.png,1315,542,1356,583,True
IMG10.png,146,539,181,583,True
IMG10.png,350,535,429,605,True
IMG10.png,1315,492,1356,533,True
IMG10.png,1315,471,1356,492,True
IMG10.png,213,468,305,589,True
IMG10.png,10,444,63,506,True
IMG10.png,1315,430,1356,471,True
IMG10.png,353,404,392,437,True
IMG10.png,278,383,342,513,True
IMG10.png,449,377,540,488,True
IMG10.png,88,371,283,457,True
IMG10.png,493,328,530,364,True
IMG10.png,594,265,613,276,True
IMG10.png,345,240,389,293,True
IMG10.png,106,223,197,348,True
IMG10.png,535,223,581,241,True
IMG10.png,199,205,299,316,True
IMG10.png,427,178,448,201,True
IMG10.png,195,152,237,186,True
IMG10.png,346,126,538,402,True
IMG10.png,604,106,748,194,True
IMG10.png,15,59,408,238,True
IMG10.png,385,62,458,149,True
IMG10.png,740,1,855,144,True
IMG10.png,585,2,663,66,True
IMG11.png,889,600,978,603,True
IMG11.png,1252,567,1273,588,True
IMG11.png,1089,564,1104,582,True
IMG11.png,1088,543,1105,563,True
IMG11.png,1315,542,1356,583,True
IMG11.png,1044,541,1060,561,True
IMG11.png,1243,537,1267,564,True
IMG11.png,792,514,810,533,True
IMG11.png,1078,513,1096,528,True
IMG11.png,1315,492,1356,533,True
IMG11.png,1315,471,1356,492,True
IMG11.png,812,468,832,482,True
IMG11.png,1213,454,1241,485,True
IMG11.png,1043,451,1065,471,True
IMG11.png,1144,413,1171,435,True
IMG11.png,97,335,185,422,True
IMG11.png,90,203,170,283,True
IMG11.png,918,190,936,207,True
IMG11.png,1204,81,1222,100,True
IMG11.png,1233,10,1261,43,True
IMG12.png,889,595,978,604,True
IMG12.png,1315,542,1356,583,True
IMG12.png,82,498,107,520,True
IMG12.png,1315,492,1356,533,True
IMG12.png,1315,471,1356,492,True
IMG12.png,1315,430,1356,471,True
IMG12.png,45,380,67,400,True
IMG12.png,37,353,59,375,True
IMG12.png,22,325,50,357,True
IMG12.png,15,263,42,290,True
IMG13.png,1109,562,1153,597,True
IMG13.png,959,549,1001,591,True
IMG13.png,1315,542,1356,583,True
IMG13.png,754,514,778,540,True
IMG13.png,1298,492,1356,533,True
IMG13.png,1315,471,1356,492,True
IMG13.png,706,453,734,478,True
IMG13.png,1315,430,1356,471,True
IMG13.png,1246,399,1271,424,True
IMG13.png,1001,356,1048,402,True
IMG13.png,922,348,948,374,True
IMG13.png,1124,346,1150,372,True
IMG13.png,671,342,709,376,True
IMG13.png,977,342,1017,381,True
IMG13.png,1009,331,1060,349,True
IMG13.png,785,270,824,310,True
IMG13.png,1230,270,1253,293,True
IMG13.png,921,252,966,297,True
IMG13.png,737,236,780,280,True
IMG13.png,759,214,779,236,True
IMG13.png,771,205,828,265,True
IMG13.png,1218,109,1235,133,True
IMG13.png,1180,69,1204,92,True
IMG13.png,1283,55,1304,76,True
IMG13.png,493,31,530,71,True
IMG13.png,698,28,726,56,True
IMG13.png,499,10,535,35,True
IMG14.png,1356,500,1365,545,True
IMG14.png,774,473,858,593,True
IMG14.png,1001,452,1193,529,True
IMG14.png,1150,396,1182,434,True
IMG14.png,1214,392,1278,484,True
IMG14.png,915,314,1292,438,True
IMG14.png,327,235,522,372,True
IMG14.png,389,209,408,227,True
IMG14.png,273,137,374,253,True
IMG14.png,887,75,918,114,True
IMG14.png,783,58,1232,220,True
IMG14.png,233,40,296,153,True
IMG14.png,519,37,622,122,True
IMG14.png,1288,0,1345,50,True
IMG15.png,889,599,978,603,True
IMG15.png,928,484,953,497,True
IMG15.png,515,480,545,509,True
IMG15.png,529,438,552,469,True
IMG15.png,1315,416,1364,492,True
IMG15.png,269,386,355,511,True
IMG15.png,351,370,450,479,True
IMG15.png,1102,368,1187,435,True
IMG15.png,521,366,543,384,True
IMG15.png,89,338,172,458,True
IMG15.png,1309,333,1358,410,True
IMG15.png,17,327,87,507,True
IMG15.png,327,318,339,385,True
IMG15.png,-8,295,25,335,True
IMG15.png,443,292,514,474,True
IMG15.png,168,274,199,315,True
IMG15.png,203,265,439,353,True
IMG15.png,0,250,59,295,True
IMG15.png,485,226,537,314,True
IMG15.png,918,198,1095,310,True
IMG15.png,1140,191,1172,237,True
IMG15.png,101,135,510,271,True
IMG15.png,1183,70,1330,234,True
IMG15.png,1028,63,1084,135,True
IMG15.png,801,19,1013,268,True
IMG15.png,460,10,552,79,True
IMG15.png,758,8,799,37,True
IMG16.png,0,593,15,612,True
IMG16.png,590,564,637,615,True
IMG16.png,49,530,121,575,True
IMG16.png,625,512,716,610,True
IMG16.png,0,500,20,546,True
IMG16.png,783,494,834,583,True
IMG16.png,1315,492,1356,533,True
IMG16.png,748,484,803,589,True
IMG16.png,757,460,810,489,True
IMG16.png,104,436,237,552,True
IMG16.png,1049,435,1106,519,True
IMG16.png,941,434,974,476,True
IMG16.png,3,427,35,469,True
IMG16.png,288,398,421,461,True
IMG16.png,741,384,807,471,True
IMG16.png,523,385,662,568,True
IMG16.png,1174,380,1300,495,True
IMG16.png,833,380,892,493,True
IMG16.png,444,372,563,492,True
IMG16.png,160,349,282,445,True
IMG16.png,13,336,149,389,True
IMG16.png,735,312,771,377,True
IMG16.png,1029,301,1152,412,True
IMG16.png,501,294,530,331,True
IMG16.png,821,287,882,351,True
IMG16.png,404,266,486,390,True
IMG16.png,599,252,655,364,True
IMG16.png,973,230,1105,288,True
IMG16.png,384,230,412,270,True
IMG16.png,83,199,203,305,True
IMG16.png,690,163,1027,419,True
IMG16.png,1226,199,1289,324,True
IMG16.png,487,177,610,271,True
IMG16.png,1245,139,1287,170,True
IMG16.png,811,132,853,171,True
IMG16.png,420,115,546,207,True
IMG16.png,915,118,987,159,True
IMG16.png,838,110,854,131,True
IMG16.png,69,101,186,165,True
IMG16.png,52,105,80,179,True
IMG16.png,725,94,796,133,True
IMG16.png,1149,77,1236,151,True
IMG16.png,144,82,167,98,True
IMG16.png,1072,79,1118,215,True
IMG16.png,646,67,738,170,True
IMG16.png,876,72,918,145,True
IMG16.png,637,61,675,79,True
IMG16.png,784,58,854,98,True
IMG16.png,187,33,324,121,True
IMG16.png,1283,37,1364,170,True
IMG16.png,1077,13,1156,56,True
IMG16.png,1154,14,1289,50,True
IMG16.png,339,-2,451,79,True
IMG16.png,921,-4,1043,94,True
IMG17.png,889,600,978,603,True
IMG17.png,1064,563,1101,607,True
IMG17.png,-4,553,20,579,True
IMG17.png,1315,542,1356,583,True
IMG17.png,12,526,30,548,True
IMG17.png,859,520,1004,607,True
IMG17.png,1315,492,1356,533,True
IMG17.png,618,453,849,607,True
IMG17.png,48,480,168,557,True
IMG17.png,1315,471,1356,492,True
IMG17.png,1123,386,1305,601,True
IMG17.png,190,403,231,453,True
IMG17.png,333,399,348,450,True
IMG17.png,921,378,1035,484,True
IMG17.png,1166,379,1253,463,True
IMG17.png,24,373,158,445,True
IMG17.png,1091,360,1182,505,True
IMG17.png,509,352,569,408,True
IMG17.png,222,307,253,347,True
IMG17.png,-6,295,19,321,True
IMG17.png,18,277,83,340,True
IMG17.png,244,285,261,307,True
IMG17.png,265,279,329,563,True
IMG17.png,128,239,186,368,True
IMG17.png,497,233,645,381,True
IMG17.png,648,232,770,328,True
IMG17.png,996,183,1165,336,True
IMG17.png,1025,249,1085,311,True
IMG17.png,1210,196,1335,306,True
IMG17.png,1241,224,1299,284,True
IMG17.png,591,187,629,230,True
IMG17.png,163,146,249,274,True
IMG17.png,688,140,810,236,True
IMG17.png,16,140,32,161,True
IMG17.png,57,130,114,261,True
IMG17.png,363,114,371,210,True
IMG17.png,1169,102,1209,131,True
IMG17.png,495,71,606,237,True
IMG17.png,61,2,395,259,True
IMG17.png,611,21,817,134,True
IMG17.png,559,31,604,57,True
IMG17.png,15,23,43,72,True
IMG17.png,424,16,560,144,True
IMG17.png,1007,-31,1283,133,True
IMG18.png,889,600,978,603,True
IMG18.png,1315,542,1356,583,True
IMG18.png,1315,492,1356,533,True
IMG18.png,1315,471,1356,492,True
IMG18.png,1315,430,1356,471,True
IMG18.png,32,404,68,436,True
IMG18.png,48,374,82,404,True
IMG18.png,23,364,53,411,True
IMG18.png,-25,349,31,431,True
IMG18.png,42,168,226,385,True
IMG18.png,240,151,339,268,True
IMG18.png,6,141,101,290,True
IMG18.png,200,139,237,184,True
IMG18.png,372,122,387,144,True
IMG18.png,353,32,526,246,True
IMG18.png,266,27,336,140,True
IMG18.png,95,13,209,120,True
IMG18.png,345,-11,413,67,True
IMG19.png,889,600,978,603,True
IMG19.png,1315,542,1356,583,True
IMG19.png,1159,505,1190,529,True
IMG19.png,1315,492,1356,533,True
IMG19.png,1000,456,1042,488,True
IMG19.png,1229,240,1354,347,True
IMG19.png,1000,3,1106,192,True
IMG20.png,889,600,978,603,True
IMG20.png,644,578,666,599,True
IMG20.png,691,566,716,584,True
IMG20.png,1315,542,1356,583,True
IMG20.png,707,533,729,551,True
IMG20.png,561,517,588,544,True
IMG20.png,1045,509,1067,530,True
IMG20.png,1315,492,1356,533,True
IMG20.png,1315,471,1356,492,True
IMG20.png,625,458,664,497,True
IMG20.png,1003,439,1036,458,True
IMG20.png,1088,432,1109,458,True
IMG20.png,915,434,932,458,True
IMG20.png,1315,430,1356,471,True
IMG20.png,479,422,504,449,True
IMG20.png,503,390,544,424,True
IMG20.png,1048,381,1067,398,True
IMG20.png,679,381,707,402,True
IMG20.png,274,355,311,391,True
IMG20.png,824,355,848,383,True
IMG20.png,457,345,487,392,True
IMG20.png,781,302,812,330,True
IMG20.png,1159,299,1194,325,True
IMG20.png,890,284,908,308,True
IMG20.png,797,280,835,316,True
IMG20.png,521,264,546,289,True
IMG20.png,270,254,295,282,True
IMG20.png,633,252,659,271,True
IMG20.png,539,242,565,268,True
IMG20.png,1043,233,1088,267,True
IMG20.png,167,192,204,231,True
IMG20.png,250,184,288,222,True
IMG20.png,807,165,854,213,True
IMG20.png,330,162,353,187,True
IMG20.png,101,159,120,178,True
IMG20.png,551,155,575,179,True
IMG20.png,492,116,519,144,True
IMG20.png,522,99,544,121,True
IMG20.png,457,92,490,125,True
IMG20.png,1197,41,1221,63,True
IMG20.png,945,32,965,55,True
IMG20.png,895,20,914,101,True
IMG20.png,558,-1,586,26,True
IMG21.png,889,600,978,603,True
IMG21.png,68,580,100,601,True
IMG21.png,99,571,123,589,True
IMG21.png,943,550,978,580,True
IMG21.png,1315,542,1356,583,True
IMG21.png,1095,529,1114,544,True
IMG21.png,1197,496,1287,596,True
IMG21.png,877,499,968,557,True
IMG21.png,1301,492,1356,533,True
IMG21.png,508,484,888,618,True
IMG21.png,27,464,70,497,True
IMG21.png,1315,471,1356,492,True
IMG21.png,116,458,170,521,True
IMG21.png,490,437,541,517,True
IMG21.png,683,436,722,468,True
IMG21.png,860,436,926,489,True
IMG21.png,1315,430,1356,471,True
IMG21.png,165,415,280,506,True
IMG21.png,607,407,657,486,True
IMG21.png,1030,395,1107,480,True
IMG21.png,1223,378,1249,401,True
IMG21.png,1238,379,1300,457,True
IMG21.png,727,376,777,455,True
IMG21.png,954,334,1020,374,True
IMG21.png,335,326,368,367,True
IMG21.png,784,320,870,373,True
IMG21.png,940,314,1014,344,True
IMG21.png,1048,313,1073,349,True
IMG21.png,1250,309,1276,336,True
IMG21.png,323,301,750,426,True
IMG21.png,35,296,156,406,True
IMG21.png,814,266,852,297,True
IMG21.png,1252,247,1278,281,True
IMG21.png,1169,229,1223,315,True
IMG21.png,178,224,302,336,True
IMG21.png,929,202,1062,332,True
IMG21.png,1090,119,1207,186,True
IMG21.png,414,115,504,241,True
IMG21.png,331,87,431,327,True
IMG21.png,137,47,174,77,True
IMG21.png,912,38,960,124,True
IMG21.png,644,37,705,154,True
IMG22.png,0,542,22,612,True
IMG22.png,731,-7,762,17,True
IMG22.png,889,600,978,603,True
IMG22.png,1315,542,1356,583,True
IMG22.png,997,536,1040,591,True
IMG22.png,712,533,761,570,True
IMG22.png,1083,531,1115,572,True
IMG22.png,945,528,981,551,True
IMG22.png,679,487,726,542,True
IMG22.png,73,478,254,548,True
IMG22.png,1314,417,1356,471,True
IMG22.png,295,401,332,443,True
IMG22.png,826,384,983,546,True
IMG22.png,757,355,776,378,True
IMG22.png,3,313,88,434,True
IMG22.png,785,294,886,388,True
IMG22.png,99,287,181,406,True
IMG22.png,1063,274,1164,557,True
IMG22.png,1211,262,1331,362,True
IMG22.png,771,255,799,282,True
IMG22.png,1125,239,1154,276,True
IMG22.png,719,234,754,292,True
IMG22.png,818,236,851,261,True
IMG22.png,173,221,260,461,True
IMG22.png,714,212,733,231,True
IMG22.png,-4,190,172,259,True
IMG22.png,1079,167,1218,226,True
IMG22.png,255,161,440,551,True
IMG22.png,1215,145,1354,205,True
IMG22.png,568,130,750,461,True
IMG22.png,618,178,676,237,True
IMG22.png,36,105,119,169,True
IMG22.png,1127,82,1194,133,True
IMG22.png,721,70,844,249,True
IMG22.png,275,58,353,138,True
IMG22.png,135,63,248,145,True
IMG22.png,834,48,963,334,True
IMG22.png,940,35,978,99,True
IMG22.png,553,36,688,127,True
IMG22.png,302,-1,329,27,True
IMG23.png,417,602,466,612,True
IMG23.png,889,600,978,603,True
IMG23.png,946,544,967,566,True
IMG23.png,1315,542,1356,583,True
IMG23.png,1138,511,1186,598,True
IMG23.png,1096,510,1120,541,True
IMG23.png,1315,492,1356,533,True
IMG23.png,1315,471,1356,492,True
IMG23.png,906,402,1120,620,True
IMG23.png,866,440,902,470,True
IMG23.png,1315,430,1356,471,True
IMG23.png,96,369,375,467,True
IMG23.png,395,326,433,372,True
IMG23.png,273,314,319,360,True
IMG23.png,527,307,555,323,True
IMG23.png,12,278,68,402,True
IMG23.png,728,275,788,315,True
IMG23.png,611,234,650,317,True
IMG23.png,514,206,538,281,True
IMG23.png,856,196,888,230,True
IMG23.png,819,202,853,269,True
IMG23.png,1012,197,1197,236,True
IMG23.png,619,177,815,226,True
IMG23.png,1009,174,1024,194,True
IMG23.png,77,163,160,283,True
IMG23.png,-3,155,52,281,True
IMG23.png,746,125,771,159,True
IMG23.png,36,110,77,141,True
IMG23.png,166,103,260,257,True
IMG23.png,428,92,491,168,True
IMG23.png,-4,56,89,102,True
IMG23.png,258,37,356,314,True
IMG23.png,86,35,227,95,True
IMG23.png,796,25,862,147,True
IMG23.png,1154,26,1187,71,True
IMG23.png,579,13,624,173,True
IMG23.png,1016,7,1100,119,True
IMG24.png,889,600,978,603,True
IMG24.png,325,577,349,604,True
IMG24.png,544,558,609,588,True
IMG24.png,1315,542,1356,583,True
IMG24.png,1315,492,1356,533,True
IMG24.png,1315,471,1356,492,True
IMG24.png,324,464,347,584,True
IMG24.png,1060,457,1164,523,True
IMG24.png,585,453,662,488,True
IMG24.png,719,448,736,510,True
IMG24.png,914,431,1047,546,True
IMG24.png,712,415,726,437,True
IMG24.png,1219,399,1361,487,True
IMG24.png,928,387,948,419,True
IMG24.png,245,362,270,388,True
IMG24.png,278,358,348,390,True
IMG24.png,674,191,686,211,True
IMG24.png,1215,174,1241,200,True
IMG24.png,122,159,167,213,True
IMG24.png,681,155,717,166,True
IMG24.png,278,154,337,199,True
IMG24.png,-1,154,71,181,True
IMG24.png,199,138,259,182,True
IMG24.png,743,124,816,169,True
IMG24.png,746,103,762,117,True
IMG24.png,811,92,943,144,True
IMG24.png,973,89,1030,146,True
IMG24.png,1016,49,1148,100,True
IMG24.png,426,24,648,234,True
IMG24.png,55,22,88,147,True
IMG24.png,651,19,686,31,True
IMG24.png,556,15,568,34,True
IMG24.png,648,1,750,102,True
IMG24.png,644,2,655,21,True
IMG24.png,239,-2,307,109,True
IMG25.png,889,600,978,603,True
IMG25.png,1315,542,1356,583,True
IMG25.png,1315,492,1356,533,True
IMG25.png,1315,471,1356,492,True
IMG25.png,1315,430,1356,471,True
IMG25.png,198,322,241,359,True
IMG25.png,38,303,174,435,True
IMG25.png,164,232,272,324,True
IMG25.png,110,175,161,218,True
IMG25.png,533,80,559,106,True
IMG25.png,494,44,524,76,True
IMG25.png,32,17,59,41,True
IMG25.png,449,1,489,42,True
IMG26.png,889,600,978,603,True
IMG26.png,1335,588,1359,606,True
IMG26.png,1314,542,1356,585,True
IMG26.png,1250,495,1280,523,True
IMG26.png,1295,365,1317,387,True
IMG26.png,1290,196,1317,223,True
IMG27.png,889,600,978,603,True
IMG27.png,741,574,770,601,True
IMG27.png,466,564,492,593,True
IMG27.png,378,561,406,589,True
IMG27.png,69,552,90,573,True
IMG27.png,294,541,318,565,True
IMG27.png,1315,542,1356,583,True
IMG27.png,-3,516,20,540,True
IMG27.png,1315,492,1356,533,True
IMG27.png,275,482,308,515,True
IMG27.png,524,472,551,499,True
IMG27.png,1315,471,1356,492,True
IMG27.png,604,455,632,482,True
IMG27.png,330,448,354,472,True
IMG27.png,317,435,339,457,True
IMG27.png,1315,430,1356,471,True
IMG27.png,133,336,167,368,True
IMG27.png,412,235,446,269,True
IMG27.png,283,228,311,255,True
IMG27.png,54,216,91,253,True
IMG27.png,107,168,130,191,True
IMG27.png,811,29,902,123,True
IMG27.png,773,33,835,101,True
IMG27.png,107,30,133,56,True
IMG27.png,833,5,893,60,True
IMG28.png,889,600,978,603,True
IMG28.png,310,559,390,597,True
IMG28.png,464,553,523,592,True
IMG28.png,25,544,59,583,True
IMG28.png,38,517,61,550,True
IMG28.png,606,501,794,563,True
IMG28.png,1099,499,1220,606,True
IMG28.png,1315,471,1356,492,True
IMG28.png,1314,430,1356,471,True
IMG28.png,996,403,1178,474,True
IMG28.png,276,394,409,441,True
IMG28.png,129,368,229,513,True
IMG28.png,429,371,678,438,True
IMG28.png,444,352,471,388,True
IMG28.png,997,314,1019,334,True
IMG28.png,814,301,878,364,True
IMG28.png,371,278,383,295,True
IMG28.png,730,270,801,379,True
IMG28.png,233,273,280,404,True
IMG28.png,890,226,964,337,True
IMG28.png,326,193,427,308,True
IMG28.png,669,182,688,199,True
IMG28.png,955,175,1133,325,True
IMG28.png,419,152,612,307,True
IMG28.png,943,139,982,199,True
IMG28.png,24,134,97,290,True
IMG28.png,97,132,130,166,True
IMG28.png,768,118,885,176,True
IMG28.png,619,101,737,159,True
IMG28.png,624,86,706,113,True
IMG28.png,169,71,256,223,True
IMG28.png,230,73,341,258,True
IMG28.png,565,70,581,92,True
IMG28.png,1136,56,1247,176,True
IMG28.png,1073,44,1105,83,True
IMG28.png,351,28,548,86,True
IMG29.png,1006,525,1052,584,True
IMG29.png,1250,507,1287,547,True
IMG29.png,998,476,1022,502,True
IMG29.png,1142,478,1227,598,True
IMG29.png,-4,478,78,521,True
IMG29.png,153,471,203,564,True
IMG29.png,675,469,701,495,True
IMG29.png,735,456,752,476,True
IMG29.png,753,452,773,480,True
IMG29.png,704,433,785,525,True
IMG29.png,829,433,874,496,True
IMG29.png,1315,430,1356,471,True
IMG29.png,922,387,1012,488,True
IMG29.png,420,393,458,421,True
IMG29.png,-8,361,72,416,True
IMG29.png,115,326,226,449,True
IMG29.png,415,327,529,386,True
IMG29.png,1045,307,1129,428,True
IMG29.png,660,290,763,448,True
IMG29.png,367,230,534,345,True
IMG29.png,1244,226,1350,348,True
IMG29.png,866,209,1122,268,True
IMG29.png,867,176,906,208,True
IMG29.png,385,173,464,222,True
IMG29.png,774,134,881,430,True
IMG29.png,728,103,766,145,True
IMG29.png,984,97,1296,155,True
IMG29.png,788,88,846,137,True
IMG29.png,-4,77,85,132,True
IMG29.png,1215,54,1246,89,True
IMG29.png,879,44,975,105,True
IMG29.png,994,6,1066,54,True
IMG30.png,889,600,978,603,True
IMG30.png,509,568,693,613,True
IMG30.png,1121,520,1166,575,True
IMG30.png,623,521,648,556,True
IMG30.png,166,519,250,565,True
IMG30.png,1212,503,1356,584,True
IMG30.png,1315,492,1356,533,True
IMG30.png,955,476,1039,588,True
IMG30.png,1315,471,1356,492,True
IMG30.png,888,438,919,456,True
IMG30.png,1315,430,1363,471,True
IMG30.png,541,422,629,510,True
IMG30.png,676,420,742,534,True
IMG30.png,459,404,505,564,True
IMG30.png,-19,404,86,527,True
IMG30.png,1142,400,1174,525,True
IMG30.png,799,373,851,610,True
IMG30.png,606,373,631,407,True
IMG30.png,1001,341,1131,375,True
IMG30.png,868,338,921,390,True
IMG30.png,494,307,780,374,True
IMG30.png,35,298,151,465,True
IMG30.png,1129,285,1155,323,True
IMG30.png,433,266,452,290,True
IMG30.png,-15,250,39,320,True
IMG30.png,60,234,97,275,True
IMG30.png,1097,202,1134,252,True
IMG30.png,922,198,939,215,True
IMG30.png,119,191,203,225,True
IMG30.png,459,168,563,314,True
IMG30.png,811,160,852,210,True
IMG30.png,770,154,790,168,True
IMG30.png,1194,145,1260,260,True
IMG30.png,945,119,1028,229,True
IMG30.png,527,118,713,162,True
IMG30.png,1266,105,1380,220,True
IMG30.png,1109,78,1146,204,True
IMG30.png,643,75,665,104,True
IMG30.png,144,40,195,62,True
IMG30.png,80,2,118,33,True
IMG31.png,1347,0,1365,30,True
IMG31.png,132,582,173,591,True
IMG31.png,888,574,1096,617,True
IMG31.png,700,557,730,596,True
IMG31.png,1315,542,1356,583,True
IMG31.png,1110,517,1166,559,True
IMG31.png,210,503,279,615,True
IMG31.png,49,468,211,510,True
IMG31.png,1315,430,1356,471,True
IMG31.png,426,408,471,478,True
IMG31.png,546,393,661,499,True
IMG31.png,577,424,633,481,True
IMG31.png,14,389,73,448,True
IMG31.png,985,370,1117,493,True
IMG31.png,0,338,10,359,True
IMG31.png,70,328,106,356,True
IMG31.png,983,322,1001,334,True
IMG31.png,1087,319,1113,359,True
IMG31.png,155,315,202,430,True
IMG31.png,914,293,959,322,True
IMG31.png,914,283,949,290,True
IMG31.png,1136,274,1182,517,True
IMG31.png,943,266,966,287,True
IMG31.png,549,259,736,304,True
IMG31.png,996,257,1119,294,True
IMG31.png,774,239,808,274,True
IMG31.png,1243,244,1358,558,True
IMG31.png,1206,248,1232,286,True
IMG31.png,806,247,822,269,True
IMG31.png,1010,243,1053,265,True
IMG31.png,905,231,919,289,True
IMG31.png,511,225,553,288,True
IMG31.png,1008,212,1044,238,True
IMG31.png,-4,205,29,329,True
IMG31.png,764,186,835,256,True
IMG31.png,183,183,247,295,True
IMG31.png,756,182,771,249,True
IMG31.png,942,180,979,262,True
IMG31.png,902,182,911,221,True
IMG31.png,874,178,904,229,True
IMG31.png,794,175,858,182,True
IMG31.png,978,157,1004,183,True
IMG31.png,20,146,181,193,True
IMG31.png,481,139,508,164,True
IMG31.png,1272,137,1314,220,True
IMG31.png,812,121,895,155,True
IMG31.png,1229,120,1249,143,True
IMG31.png,410,118,477,375,True
IMG31.png,1060,113,1169,214,True
IMG31.png,534,94,645,185,True
IMG31.png,493,93,519,119,True
IMG31.png,526,84,538,112,True
IMG31.png,12,76,58,101,True
IMG31.png,972,75,1009,158,True
IMG31.png,1008,36,1091,75,True
IMG31.png,460,15,508,41,True
IMG31.png,755,8,791,132,True
IMG31.png,128,4,176,120,True
IMG32.png,114,0,168,25,True
IMG32.png,889,600,978,603,True
IMG32.png,112,573,136,598,True
IMG32.png,323,552,385,613,True
IMG32.png,197,553,236,579,True
IMG32.png,1231,548,1277,593,True
IMG32.png,1275,541,1309,574,True
IMG32.png,1310,539,1356,583,True
IMG32.png,659,512,716,573,True
IMG32.png,1245,502,1281,545,True
IMG32.png,77,495,200,537,True
IMG32.png,340,490,424,530,True
IMG32.png,1315,492,1356,533,True
IMG32.png,840,482,871,512,True
IMG32.png,1315,471,1356,492,True
IMG32.png,1176,443,1262,529,True
IMG32.png,1315,430,1356,471,True
IMG32.png,424,410,504,500,True
IMG32.png,39,398,80,519,True
IMG32.png,544,380,559,409,True
IMG32.png,192,380,231,504,True
IMG32.png,264,345,343,442,True
IMG32.png,62,339,187,381,True
IMG32.png,0,333,24,417,True
IMG32.png,407,319,445,344,True
IMG32.png,467,286,508,410,True
IMG32.png,617,264,652,345,True
IMG32.png,84,263,109,302,True
IMG32.png,507,249,591,285,True
IMG32.png,587,190,632,243,True
IMG32.png,19,182,62,343,True
IMG32.png,251,163,331,260,True
IMG32.png,36,152,116,187,True
IMG32.png,380,153,461,250,True
IMG32.png,637,146,667,221,True
IMG32.png,172,143,216,329,True
IMG32.png,589,97,630,192,True
IMG32.png,525,20,613,95,True
IMG32.png,231,22,282,100,True
IMG32.png,399,17,529,73,True
IMG32.png,299,6,383,80,True
IMG33.png,889,600,978,603,True
IMG33.png,1315,542,1356,583,True
IMG33.png,829,535,868,596,True
IMG33.png,1315,492,1356,533,True
IMG33.png,1315,471,1356,492,True
IMG33.png,1315,430,1358,471,True
IMG33.png,815,388,919,492,True
IMG33.png,107,267,144,293,True
IMG33.png,1149,255,1215,324,True
IMG33.png,1069,237,1114,287,True
IMG33.png,383,199,485,224,True
IMG33.png,86,202,181,214,True
IMG33.png,195,200,280,207,True
IMG33.png,286,187,413,217,True
IMG33.png,-2,179,61,207,True
IMG33.png,991,174,1046,184,True
IMG33.png,881,153,953,177,True
IMG33.png,20,133,61,188,True
IMG33.png,943,98,991,186,True
IMG33.png,715,80,745,89,True
IMG33.png,71,15,93,78,True
IMG34.png,889,598,978,603,True
IMG34.png,1315,542,1356,583,True
IMG34.png,1315,492,1356,533,True
IMG34.png,1315,471,1356,492,True
IMG34.png,1315,430,1356,471,True
IMG34.png,1029,324,1038,347,True
IMG35.png,1330,587,1356,607,True
IMG35.png,292,559,377,612,True
IMG35.png,566,493,632,548,True
IMG35.png,182,490,278,601,True
IMG35.png,391,482,477,536,True
IMG35.png,1181,473,1284,590,True
IMG35.png,1282,432,1313,471,True
IMG35.png,732,431,828,510,True
IMG35.png,497,418,580,465,True
IMG35.png,498,398,525,421,True
IMG35.png,128,346,228,460,True
IMG35.png,309,322,351,352,True
IMG35.png,788,318,837,371,True
IMG35.png,919,270,944,325,True
IMG35.png,837,240,933,355,True
IMG35.png,395,218,436,252,True
IMG35.png,1023,209,1155,307,True
IMG35.png,210,206,400,429,True
IMG35.png,580,199,730,389,True
IMG35.png,609,153,652,191,True
IMG35.png,350,84,575,284,True
IMG35.png,1026,115,1069,149,True
IMG35.png,1221,98,1371,237,True
IMG35.png,1140,91,1212,250,True
IMG35.png,567,86,648,134,True
IMG35.png,828,85,926,196,True
IMG35.png,1208,84,1234,114,True
IMG35.png,680,62,790,154,True
IMG35.png,1135,31,1175,63,True
IMG36.png,486,585,532,612,True
IMG36.png,889,600,978,603,True
IMG36.png,1315,542,1356,583,True
IMG36.png,201,525,231,559,True
IMG36.png,333,510,361,539,True
IMG36.png,621,490,677,542,True
IMG36.png,762,474,1201,538,True
IMG36.png,1315,471,1356,492,True
IMG36.png,1029,454,1065,481,True
IMG36.png,992,440,1009,452,True
IMG36.png,1245,427,1362,541,True
IMG36.png,632,406,684,491,True
IMG36.png,854,343,976,419,True
IMG36.png,1199,341,1236,371,True
IMG36.png,640,330,676,372,True
IMG36.png,566,298,619,338,True
IMG36.png,705,269,1145,334,True
IMG36.png,378,262,503,434,True
IMG36.png,401,304,446,355,True
IMG36.png,1229,239,1354,318,True
IMG36.png,574,208,626,293,True
IMG36.png,350,163,411,246,True
IMG36.png,500,114,579,169,True
IMG36.png,999,100,1099,200,True
IMG36.png,836,89,957,196,True
IMG36.png,986,83,1024,114,True
IMG36.png,1084,44,1158,103,True
IMG36.png,1227,21,1353,96,True
IMG36.png,212,15,331,125,True
IMG36.png,647,7,944,116,True
IMG37.png,889,600,978,603,True
IMG37.png,0,571,12,598,True
IMG37.png,570,559,587,577,True
IMG37.png,617,524,945,564,True
IMG37.png,1031,512,1277,547,True
IMG37.png,1294,492,1359,583,True
IMG37.png,880,472,912,494,True
IMG37.png,1315,471,1356,492,True
IMG37.png,1051,439,1094,478,True
IMG37.png,1315,430,1356,471,True
IMG37.png,550,429,587,482,True
IMG37.png,31,423,72,453,True
IMG37.png,716,396,834,453,True
IMG37.png,886,391,1015,430,True
IMG37.png,1140,380,1260,442,True
IMG37.png,478,375,504,404,True
IMG37.png,103,363,146,575,True
IMG37.png,311,359,337,398,True
IMG37.png,578,352,630,415,True
IMG37.png,177,309,232,364,True
IMG37.png,1300,323,1336,344,True
IMG37.png,694,321,736,377,True
IMG37.png,616,276,673,338,True
IMG37.png,743,268,746,346,True
IMG37.png,1132,261,1317,295,True
IMG37.png,773,242,877,327,True
IMG37.png,1004,215,1045,345,True
IMG37.png,33,209,75,240,True
IMG37.png,964,208,976,226,True
IMG37.png,649,202,698,264,True
IMG37.png,326,201,363,293,True
IMG37.png,258,188,312,234,True
IMG37.png,-3,181,36,210,True
IMG37.png,1031,147,1067,169,True
IMG37.png,689,140,1001,177,True
IMG37.png,1141,108,1257,221,True
IMG37.png,101,118,139,329,True
IMG37.png,983,87,1007,104,True
IMG37.png,132,75,161,119,True
IMG37.png,268,73,310,145,True
IMG37.png,1141,59,1180,87,True
IMG37.png,1056,58,1087,115,True
IMG37.png,442,40,459,65,True
IMG37.png,760,-22,915,96,True
IMG38.png,1167,0,1198,15,True
IMG38.png,889,600,978,603,True
IMG38.png,1155,543,1168,564,True
IMG38.png,1312,542,1361,590,True
IMG38.png,980,519,1049,589,True
IMG38.png,1190,500,1310,582,True
IMG38.png,1315,492,1356,542,True
IMG38.png,511,488,563,531,True
IMG38.png,1315,471,1356,492,True
IMG38.png,499,453,526,474,True
IMG38.png,426,453,476,521,True
IMG38.png,555,448,681,492,True
IMG38.png,20,440,78,548,True
IMG38.png,331,421,384,469,True
IMG38.png,407,384,448,417,True
IMG38.png,328,385,355,423,True
IMG38.png,677,372,804,418,True
IMG38.png,34,373,51,385,True
IMG38.png,635,366,660,404,True
IMG38.png,494,342,615,407,True
IMG38.png,170,336,202,384,True
IMG38.png,34,300,56,335,True
IMG38.png,799,296,924,337,True
IMG38.png,1241,296,1340,349,True
IMG38.png,333,278,410,366,True
IMG38.png,80,278,138,387,True
IMG38.png,647,277,767,342,True
IMG38.png,397,266,409,284,True
IMG38.png,633,256,648,278,True
IMG38.png,156,239,186,293,True
IMG38.png,-1,235,99,266,True
IMG38.png,923,219,1048,262,True
IMG38.png,508,204,648,240,True
IMG38.png,328,176,369,228,True
IMG38.png,642,172,783,211,True
IMG38.png,-1,122,18,179,True
IMG38.png,393,119,502,213,True
IMG38.png,825,102,927,188,True
IMG38.png,1073,94,1166,187,True
IMG38.png,533,94,606,146,True
IMG38.png,30,74,53,111,True
IMG38.png,1021,19,1071,204,True
IMG38.png,41,19,55,41,True
IMG38.png,728,14,767,137,True
IMG38.png,789,12,824,37,True
IMG38.png,845,9,864,21,True
IMG39.png,1278,86,1302,189,True
IMG39.png,1274,23,1321,249,True
IMG39.png,1295,-3,1347,163,True
IMG39.png,1307,-2,1328,36,True
IMG39.png,1295,0,1318,98,True
IMG39.png,1296,0,1311,59,True
IMG39.png,889,600,978,603,True
IMG39.png,1315,542,1356,583,True
IMG39.png,369,508,411,549,True
IMG39.png,1315,492,1356,535,True
IMG39.png,386,489,428,529,True
IMG39.png,1240,471,1272,503,True
IMG39.png,1315,471,1356,492,True
IMG39.png,1150,436,1239,566,True
IMG39.png,338,446,394,498,True
IMG39.png,299,445,331,477,True
IMG39.png,1134,435,1167,503,True
IMG39.png,1183,429,1218,468,True
IMG39.png,1315,430,1356,471,True
IMG39.png,316,423,348,455,True
IMG39.png,1247,391,1303,465,True
IMG39.png,1281,335,1330,393,True
IMG39.png,1310,273,1368,336,True
IMG39.png,1217,256,1253,297,True
IMG39.png,1295,200,1313,281,True
IMG39.png,1261,111,1271,140,True
IMG40.png,889,600,978,603,True
IMG40.png,98,559,120,575,True
IMG40.png,1022,310,1065,322,True
IMG40.png,1012,101,1044,148,True
IMG40.png,17,44,49,118,True
IMG41.png,889,600,978,603,True
IMG41.png,1315,542,1356,583,True
IMG41.png,1186,496,1203,513,True
IMG41.png,1315,492,1356,533,True
IMG41.png,1315,471,1356,492,True
IMG41.png,1106,448,1123,465,True
IMG41.png,1154,432,1166,449,True
IMG41.png,1315,430,1356,471,True
IMG42.png,889,600,978,603,True
IMG42.png,1315,542,1356,583,True
IMG42.png,1315,492,1356,533,True
IMG42.png,1315,471,1356,492,True
IMG42.png,1315,430,1356,471,True
IMG43.png,1198,591,1250,612,True
IMG43.png,999,571,1040,604,True
IMG43.png,1117,566,1134,586,True
IMG43.png,208,546,287,593,True
IMG43.png,817,546,875,591,True
IMG43.png,1312,542,1356,583,True
IMG43.png,70,505,97,536,True
IMG43.png,1204,493,1228,538,True
IMG43.png,1315,492,1356,533,True
IMG43.png,118,485,190,557,True
IMG43.png,893,471,1105,581,True
IMG43.png,1315,471,1356,492,True
IMG43.png,1315,430,1356,471,True
IMG44.png,1315,542,1357,583,True
IMG44.png,3,536,55,607,True
IMG44.png,922,534,990,578,True
IMG44.png,1139,531,1169,570,True
IMG44.png,1053,510,1127,596,True
IMG44.png,1219,517,1271,585,True
IMG44.png,1314,492,1356,533,True
IMG44.png,1315,471,1356,492,True
IMG44.png,1315,430,1356,471,True
IMG44.png,917,422,1028,463,True
IMG44.png,1328,360,1364,385,True
IMG44.png,1036,347,1058,384,True
IMG44.png,1095,315,1201,411,True
IMG44.png,1124,346,1174,396,True
IMG44.png,1267,303,1313,353,True
IMG44.png,933,294,1013,328,True
IMG44.png,1301,266,1323,291,True
IMG44.png,735,257,773,288,True
IMG44.png,1122,166,1194,254,True
IMG44.png,1022,166,1053,284,True
IMG44.png,891,166,924,285,True
IMG44.png,1260,166,1291,285,True
IMG44.png,366,139,400,166,True
IMG44.png,278,133,302,156,True
IMG44.png,914,118,1032,147,True
IMG44.png,310,113,352,139,True
IMG45.png,889,600,978,605,True
IMG45.png,17,592,121,604,True
IMG45.png,108,536,176,570,True
IMG45.png,1313,540,1360,603,True
IMG45.png,0,509,47,576,True
IMG45.png,154,501,166,538,True
IMG45.png,803,492,855,582,True
IMG45.png,969,489,1009,545,True
IMG45.png,1314,492,1356,534,True
IMG45.png,532,482,585,571,True
IMG45.png,295,480,350,570,True
IMG45.png,415,440,471,556,True
IMG45.png,683,437,726,549,True
IMG45.png,536,434,582,458,True
IMG45.png,263,415,303,471,True
IMG45.png,793,397,846,495,True
IMG45.png,929,394,947,416,True
IMG45.png,2,369,109,460,True
IMG45.png,203,357,223,378,True
IMG45.png,265,346,316,372,True
IMG45.png,18,284,74,325,True
IMG45.png,356,278,464,312,True
IMG45.png,520,277,637,374,True
IMG45.png,551,307,601,358,True
IMG45.png,714,263,824,302,True
IMG45.png,68,236,124,273,True
IMG45.png,1235,207,1256,228,True
IMG45.png,724,199,763,221,True
IMG45.png,382,198,423,224,True
IMG45.png,66,195,99,216,True
IMG45.png,-14,163,47,290,True
IMG45.png,46,164,98,186,True
IMG45.png,-8,94,40,156,True
IMG45.png,451,95,486,204,True
IMG45.png,626,89,662,198,True
IMG45.png,38,85,99,135,True
IMG45.png,229,12,442,229,True
IMG45.png,863,63,927,132,True
IMG45.png,665,0,882,211,True
IMG46.png,889,600,978,603,True
IMG46.png,1315,542,1356,583,True
IMG46.png,68,494,109,536,True
IMG46.png,48,494,69,523,True
IMG46.png,1315,492,1356,533,True
IMG46.png,1315,471,1356,492,True
IMG46.png,1315,430,1356,471,True
IMG46.png,1243,274,1339,348,True
IMG47.png,889,600,978,603,True
IMG47.png,1315,542,1356,583,True
IMG47.png,1315,492,1356,533,True
IMG47.png,1315,471,1356,492,True
IMG47.png,1315,430,1356,471,True
IMG47.png,936,121,953,138,True
IMG47.png,968,113,1001,122,True
IMG48.png,889,600,978,603,True
IMG48.png,1315,542,1356,583,True
IMG48.png,1315,492,1356,533,True
IMG48.png,1315,471,1356,492,True
IMG48.png,1315,430,1356,471,True
IMG48.png,927,362,983,388,True
IMG48.png,1019,310,1083,346,True
IMG48.png,1224,292,1266,332,True
IMG48.png,882,292,937,322,True
IMG48.png,1072,268,1136,334,True
IMG48.png,837,223,892,255,True
IMG48.png,1116,130,1266,293,True
IMG48.png,930,133,1037,204,True
IMG48.png,1170,91,1211,132,True
IMG48.png,658,73,667,98,True
IMG48.png,871,68,907,90,True
IMG48.png,1263,53,1293,108,True
IMG48.png,818,44,850,229,True
IMG48.png,1022,18,1130,112,True
IMG48.png,1049,43,1101,96,True
IMG48.png,849,3,975,36,True
